﻿<?xml version="1.0" encoding="utf-8"?>
<component format="1" id="restsharp">
  <name>RestSharp</name>
  <publisher>John Sheehan</publisher>
  <publisher-url>http://restsharp.org/</publisher-url>
  <version>104.4.0.1</version>
  <summary>A simple REST client for consuming HTTP APIs.</summary>
  <samples>
    <sample id="RestSharp.Android.Sample">
      <name>Android Sample</name>
      <summary>Android Sample</summary>
    </sample>
    <sample id="RestSharp.iOS.Sample">
      <name>iOS Unified Sample</name>
      <summary>iOS Unified Sample</summary>
    </sample>
    <sample id="RestSharp.iOS.Sample-Classic">
      <name>iOS Classic Sample</name>
      <summary>iOS Classic Sample</summary>
    </sample>
  </samples>
</component>